product_name,product_slug,product_type,category,description,variant_name,sku,price_usd,cost_price_usd,stock_quantity,weight_kg,seo_title,seo_description,image_filename,collection,is_published
Semaglutide,semaglutide,Peptide,GLP-1 Receptor Agonists,Semaglutide is a GLP-1 receptor agonist peptide used in research related to glucose metabolism and appetite regulation. Each vial contains lyophilized powder for reconstitution.,2mg Vial,SM2,93.00,31.00,100,0.05,Buy Semaglutide 2mg | Research Peptides,"Purchase Semaglutide 2mg for research purposes. High purity, lab-tested. Fast shipping.",semaglutide.jpg,Weight Management,true
Semaglutide,semaglutide,Peptide,GLP-1 Receptor Agonists,Semaglutide is a GLP-1 receptor agonist peptide used in research related to glucose metabolism and appetite regulation. Each vial contains lyophilized powder for reconstitution.,5mg Vial,SM5,117.00,39.00,100,0.05,Buy Semaglutide 5mg | Research Peptides,"Purchase Semaglutide 5mg for research purposes. High purity, lab-tested. Fast shipping.",semaglutide.jpg,Weight Management,true
Semaglutide,semaglutide,Peptide,GLP-1 Receptor Agonists,Semaglutide is a GLP-1 receptor agonist peptide used in research related to glucose metabolism and appetite regulation. Each vial contains lyophilized powder for reconstitution.,10mg Vial,SM10,177.00,59.00,100,0.05,Buy Semaglutide 10mg | Research Peptides,"Purchase Semaglutide 10mg for research purposes. High purity, lab-tested. Fast shipping.",semaglutide.jpg,Weight Management,true
Semaglutide,semaglutide,Peptide,GLP-1 Receptor Agonists,Semaglutide is a GLP-1 receptor agonist peptide used in research related to glucose metabolism and appetite regulation. Each vial contains lyophilized powder for reconstitution.,15mg Vial,SM15,216.00,72.00,100,0.05,Buy Semaglutide 15mg | Research Peptides,"Purchase Semaglutide 15mg for research purposes. High purity, lab-tested. Fast shipping.",semaglutide.jpg,Weight Management,true
Semaglutide,semaglutide,Peptide,GLP-1 Receptor Agonists,Semaglutide is a GLP-1 receptor agonist peptide used in research related to glucose metabolism and appetite regulation. Each vial contains lyophilized powder for reconstitution.,20mg Vial,SM20,333.00,111.00,100,0.05,Buy Semaglutide 20mg | Research Peptides,"Purchase Semaglutide 20mg for research purposes. High purity, lab-tested. Fast shipping.",semaglutide.jpg,Weight Management,true
Semaglutide,semaglutide,Peptide,GLP-1 Receptor Agonists,Semaglutide is a GLP-1 receptor agonist peptide used in research related to glucose metabolism and appetite regulation. Each vial contains lyophilized powder for reconstitution.,30mg Vial,SM30,357.00,119.00,100,0.05,Buy Semaglutide 30mg | Research Peptides,"Purchase Semaglutide 30mg for research purposes. High purity, lab-tested. Fast shipping.",semaglutide.jpg,Weight Management,true
Tirzepatide,tirzepatide,Peptide,GLP-1 Receptor Agonists,Tirzepatide is a dual GIP and GLP-1 receptor agonist peptide studied for its effects on glucose metabolism and body weight regulation. Each vial contains lyophilized powder for reconstitution.,2mg Vial,TR2,102.00,34.00,100,0.05,Buy Tirzepatide 2mg | Research Peptides,"Purchase Tirzepatide 2mg for research purposes. High purity, lab-tested. Fast shipping.",tirzepatide.jpg,Weight Management,true
Tirzepatide,tirzepatide,Peptide,GLP-1 Receptor Agonists,Tirzepatide is a dual GIP and GLP-1 receptor agonist peptide studied for its effects on glucose metabolism and body weight regulation. Each vial contains lyophilized powder for reconstitution.,5mg Vial,TR5,132.00,44.00,100,0.05,Buy Tirzepatide 5mg | Research Peptides,"Purchase Tirzepatide 5mg for research purposes. High purity, lab-tested. Fast shipping.",tirzepatide.jpg,Weight Management,true
Tirzepatide,tirzepatide,Peptide,GLP-1 Receptor Agonists,Tirzepatide is a dual GIP and GLP-1 receptor agonist peptide studied for its effects on glucose metabolism and body weight regulation. Each vial contains lyophilized powder for reconstitution.,10mg Vial,TR10,171.00,57.00,100,0.05,Buy Tirzepatide 10mg | Research Peptides,"Purchase Tirzepatide 10mg for research purposes. High purity, lab-tested. Fast shipping.",tirzepatide.jpg,Weight Management,true
Tirzepatide,tirzepatide,Peptide,GLP-1 Receptor Agonists,Tirzepatide is a dual GIP and GLP-1 receptor agonist peptide studied for its effects on glucose metabolism and body weight regulation. Each vial contains lyophilized powder for reconstitution.,15mg Vial,TR15,210.00,70.00,100,0.05,Buy Tirzepatide 15mg | Research Peptides,"Purchase Tirzepatide 15mg for research purposes. High purity, lab-tested. Fast shipping.",tirzepatide.jpg,Weight Management,true
Tirzepatide,tirzepatide,Peptide,GLP-1 Receptor Agonists,Tirzepatide is a dual GIP and GLP-1 receptor agonist peptide studied for its effects on glucose metabolism and body weight regulation. Each vial contains lyophilized powder for reconstitution.,20mg Vial,TR20,270.00,90.00,100,0.05,Buy Tirzepatide 20mg | Research Peptides,"Purchase Tirzepatide 20mg for research purposes. High purity, lab-tested. Fast shipping.",tirzepatide.jpg,Weight Management,true
Tirzepatide,tirzepatide,Peptide,GLP-1 Receptor Agonists,Tirzepatide is a dual GIP and GLP-1 receptor agonist peptide studied for its effects on glucose metabolism and body weight regulation. Each vial contains lyophilized powder for reconstitution.,30mg Vial,TR30,348.00,116.00,100,0.05,Buy Tirzepatide 30mg | Research Peptides,"Purchase Tirzepatide 30mg for research purposes. High purity, lab-tested. Fast shipping.",tirzepatide.jpg,Weight Management,true
Tirzepatide,tirzepatide,Peptide,GLP-1 Receptor Agonists,Tirzepatide is a dual GIP and GLP-1 receptor agonist peptide studied for its effects on glucose metabolism and body weight regulation. Each vial contains lyophilized powder for reconstitution.,40mg Vial,TR40,447.00,149.00,100,0.05,Buy Tirzepatide 40mg | Research Peptides,"Purchase Tirzepatide 40mg for research purposes. High purity, lab-tested. Fast shipping.",tirzepatide.jpg,Weight Management,true
Tirzepatide,tirzepatide,Peptide,GLP-1 Receptor Agonists,Tirzepatide is a dual GIP and GLP-1 receptor agonist peptide studied for its effects on glucose metabolism and body weight regulation. Each vial contains lyophilized powder for reconstitution.,45mg Vial,TR45,504.00,168.00,100,0.05,Buy Tirzepatide 45mg | Research Peptides,"Purchase Tirzepatide 45mg for research purposes. High purity, lab-tested. Fast shipping.",tirzepatide.jpg,Weight Management,true
Tirzepatide,tirzepatide,Peptide,GLP-1 Receptor Agonists,Tirzepatide is a dual GIP and GLP-1 receptor agonist peptide studied for its effects on glucose metabolism and body weight regulation. Each vial contains lyophilized powder for reconstitution.,50mg Vial,TR50,525.00,175.00,100,0.05,Buy Tirzepatide 50mg | Research Peptides,"Purchase Tirzepatide 50mg for research purposes. High purity, lab-tested. Fast shipping.",tirzepatide.jpg,Weight Management,true
Tirzepatide,tirzepatide,Peptide,GLP-1 Receptor Agonists,Tirzepatide is a dual GIP and GLP-1 receptor agonist peptide studied for its effects on glucose metabolism and body weight regulation. Each vial contains lyophilized powder for reconstitution.,60mg Vial,TR60,588.00,196.00,100,0.05,Buy Tirzepatide 60mg | Research Peptides,"Purchase Tirzepatide 60mg for research purposes. High purity, lab-tested. Fast shipping.",tirzepatide.jpg,Weight Management,true
Tirzepatide,tirzepatide,Peptide,GLP-1 Receptor Agonists,Tirzepatide is a dual GIP and GLP-1 receptor agonist peptide studied for its effects on glucose metabolism and body weight regulation. Each vial contains lyophilized powder for reconstitution.,90mg Vial,TR90,852.00,284.00,100,0.05,Buy Tirzepatide 90mg | Research Peptides,"Purchase Tirzepatide 90mg for research purposes. High purity, lab-tested. Fast shipping.",tirzepatide.jpg,Weight Management,true
Tirzepatide,tirzepatide,Peptide,GLP-1 Receptor Agonists,Tirzepatide is a dual GIP and GLP-1 receptor agonist peptide studied for its effects on glucose metabolism and body weight regulation. Each vial contains lyophilized powder for reconstitution.,100mg Vial,T100,1044.00,348.00,100,0.05,Buy Tirzepatide 100mg | Research Peptides,"Purchase Tirzepatide 100mg for research purposes. High purity, lab-tested. Fast shipping.",tirzepatide.jpg,Weight Management,true
Tirzepatide,tirzepatide,Peptide,GLP-1 Receptor Agonists,Tirzepatide is a dual GIP and GLP-1 receptor agonist peptide studied for its effects on glucose metabolism and body weight regulation. Each vial contains lyophilized powder for reconstitution.,120mg Vial,TR120,1122.00,374.00,100,0.05,Buy Tirzepatide 120mg | Research Peptides,"Purchase Tirzepatide 120mg for research purposes. High purity, lab-tested. Fast shipping.",tirzepatide.jpg,Weight Management,true
Retatrutide,retatrutide,Peptide,GLP-1 Receptor Agonists,"Retatrutide is a triple agonist peptide targeting GIP, GLP-1, and glucagon receptors. Researched for metabolic regulation and body composition. Each vial contains lyophilized powder.",5mg Vial,RT5,201.00,67.00,100,0.05,Buy Retatrutide 5mg | Research Peptides,"Purchase Retatrutide 5mg for research purposes. High purity, lab-tested. Fast shipping.",retatrutide.jpg,Weight Management,true
Retatrutide,retatrutide,Peptide,GLP-1 Receptor Agonists,"Retatrutide is a triple agonist peptide targeting GIP, GLP-1, and glucagon receptors. Researched for metabolic regulation and body composition. Each vial contains lyophilized powder.",10mg Vial,RT10,294.00,98.00,100,0.05,Buy Retatrutide 10mg | Research Peptides,"Purchase Retatrutide 10mg for research purposes. High purity, lab-tested. Fast shipping.",retatrutide.jpg,Weight Management,true
Retatrutide,retatrutide,Peptide,GLP-1 Receptor Agonists,"Retatrutide is a triple agonist peptide targeting GIP, GLP-1, and glucagon receptors. Researched for metabolic regulation and body composition. Each vial contains lyophilized powder.",15mg Vial,RT15,426.00,142.00,100,0.05,Buy Retatrutide 15mg | Research Peptides,"Purchase Retatrutide 15mg for research purposes. High purity, lab-tested. Fast shipping.",retatrutide.jpg,Weight Management,true
Retatrutide,retatrutide,Peptide,GLP-1 Receptor Agonists,"Retatrutide is a triple agonist peptide targeting GIP, GLP-1, and glucagon receptors. Researched for metabolic regulation and body composition. Each vial contains lyophilized powder.",20mg Vial,RT20,540.00,180.00,100,0.05,Buy Retatrutide 20mg | Research Peptides,"Purchase Retatrutide 20mg for research purposes. High purity, lab-tested. Fast shipping.",retatrutide.jpg,Weight Management,true
Retatrutide,retatrutide,Peptide,GLP-1 Receptor Agonists,"Retatrutide is a triple agonist peptide targeting GIP, GLP-1, and glucagon receptors. Researched for metabolic regulation and body composition. Each vial contains lyophilized powder.",30mg Vial,RT30,657.00,219.00,100,0.05,Buy Retatrutide 30mg | Research Peptides,"Purchase Retatrutide 30mg for research purposes. High purity, lab-tested. Fast shipping.",retatrutide.jpg,Weight Management,true
Retatrutide,retatrutide,Peptide,GLP-1 Receptor Agonists,"Retatrutide is a triple agonist peptide targeting GIP, GLP-1, and glucagon receptors. Researched for metabolic regulation and body composition. Each vial contains lyophilized powder.",40mg Vial,RT40,735.00,245.00,100,0.05,Buy Retatrutide 40mg | Research Peptides,"Purchase Retatrutide 40mg for research purposes. High purity, lab-tested. Fast shipping.",retatrutide.jpg,Weight Management,true
Retatrutide,retatrutide,Peptide,GLP-1 Receptor Agonists,"Retatrutide is a triple agonist peptide targeting GIP, GLP-1, and glucagon receptors. Researched for metabolic regulation and body composition. Each vial contains lyophilized powder.",50mg Vial,RT50,966.00,322.00,100,0.05,Buy Retatrutide 50mg | Research Peptides,"Purchase Retatrutide 50mg for research purposes. High purity, lab-tested. Fast shipping.",retatrutide.jpg,Weight Management,true
Retatrutide,retatrutide,Peptide,GLP-1 Receptor Agonists,"Retatrutide is a triple agonist peptide targeting GIP, GLP-1, and glucagon receptors. Researched for metabolic regulation and body composition. Each vial contains lyophilized powder.",60mg Vial,RT60,1143.00,381.00,100,0.05,Buy Retatrutide 60mg | Research Peptides,"Purchase Retatrutide 60mg for research purposes. High purity, lab-tested. Fast shipping.",retatrutide.jpg,Weight Management,true
HGH,hgh,Peptide,Growth Hormone,"Human Growth Hormone (HGH) is a recombinant peptide hormone used in research related to growth, cell regeneration, and metabolism. Each vial contains lyophilized powder.",10iu Vial,H10,162.00,54.00,100,0.05,Buy HGH 10iu | Research Peptides,"Purchase HGH 10iu for research purposes. High purity, lab-tested. Fast shipping.",hgh.jpg,Growth & Recovery,true
HGH,hgh,Peptide,Growth Hormone,"Human Growth Hormone (HGH) is a recombinant peptide hormone used in research related to growth, cell regeneration, and metabolism. Each vial contains lyophilized powder.",12iu Vial,H12,192.00,64.00,100,0.05,Buy HGH 12iu | Research Peptides,"Purchase HGH 12iu for research purposes. High purity, lab-tested. Fast shipping.",hgh.jpg,Growth & Recovery,true
HGH,hgh,Peptide,Growth Hormone,"Human Growth Hormone (HGH) is a recombinant peptide hormone used in research related to growth, cell regeneration, and metabolism. Each vial contains lyophilized powder.",15iu Vial,H15,255.00,85.00,100,0.05,Buy HGH 15iu | Research Peptides,"Purchase HGH 15iu for research purposes. High purity, lab-tested. Fast shipping.",hgh.jpg,Growth & Recovery,true
HGH,hgh,Peptide,Growth Hormone,"Human Growth Hormone (HGH) is a recombinant peptide hormone used in research related to growth, cell regeneration, and metabolism. Each vial contains lyophilized powder.",20iu Vial,H20,294.00,98.00,100,0.05,Buy HGH 20iu | Research Peptides,"Purchase HGH 20iu for research purposes. High purity, lab-tested. Fast shipping.",hgh.jpg,Growth & Recovery,true
HGH,hgh,Peptide,Growth Hormone,"Human Growth Hormone (HGH) is a recombinant peptide hormone used in research related to growth, cell regeneration, and metabolism. Each vial contains lyophilized powder.",24iu Vial,H24,333.00,111.00,100,0.05,Buy HGH 24iu | Research Peptides,"Purchase HGH 24iu for research purposes. High purity, lab-tested. Fast shipping.",hgh.jpg,Growth & Recovery,true
HGH,hgh,Peptide,Growth Hormone,"Human Growth Hormone (HGH) is a recombinant peptide hormone used in research related to growth, cell regeneration, and metabolism. Each vial contains lyophilized powder.",36iu Vial,H36,447.00,149.00,100,0.05,Buy HGH 36iu | Research Peptides,"Purchase HGH 36iu for research purposes. High purity, lab-tested. Fast shipping.",hgh.jpg,Growth & Recovery,true
BPC-157,bpc-157,Peptide,Peptides,BPC-157 (Body Protection Compound-157) is a synthetic pentadecapeptide researched for its potential tissue-protective and regenerative properties. Each vial contains lyophilized powder.,5mg Vial,BC5,138.00,46.00,100,0.05,Buy BPC-157 5mg | Research Peptides,"Purchase BPC-157 5mg for research purposes. High purity, lab-tested. Fast shipping.",bpc-157.jpg,Recovery & Healing,true
BPC-157,bpc-157,Peptide,Peptides,BPC-157 (Body Protection Compound-157) is a synthetic pentadecapeptide researched for its potential tissue-protective and regenerative properties. Each vial contains lyophilized powder.,10mg Vial,BC10,201.00,67.00,100,0.05,Buy BPC-157 10mg | Research Peptides,"Purchase BPC-157 10mg for research purposes. High purity, lab-tested. Fast shipping.",bpc-157.jpg,Recovery & Healing,true
BPC-157,bpc-157,Peptide,Peptides,BPC-157 (Body Protection Compound-157) is a synthetic pentadecapeptide researched for its potential tissue-protective and regenerative properties. Each vial contains lyophilized powder.,20mg Vial,BC20,357.00,119.00,100,0.05,Buy BPC-157 20mg | Research Peptides,"Purchase BPC-157 20mg for research purposes. High purity, lab-tested. Fast shipping.",bpc-157.jpg,Recovery & Healing,true
TB-500,tb-500,Peptide,Peptides,"TB-500 (Thymosin Beta-4) is a synthetic peptide researched for its role in cell migration, tissue repair, and recovery processes. Each vial contains lyophilized powder.",2mg Vial,TB2,138.00,46.00,100,0.05,Buy TB-500 2mg | Research Peptides,"Purchase TB-500 2mg for research purposes. High purity, lab-tested. Fast shipping.",tb-500.jpg,Recovery & Healing,true
TB-500,tb-500,Peptide,Peptides,"TB-500 (Thymosin Beta-4) is a synthetic peptide researched for its role in cell migration, tissue repair, and recovery processes. Each vial contains lyophilized powder.",5mg Vial,TB5,231.00,77.00,100,0.05,Buy TB-500 5mg | Research Peptides,"Purchase TB-500 5mg for research purposes. High purity, lab-tested. Fast shipping.",tb-500.jpg,Recovery & Healing,true
TB-500,tb-500,Peptide,Peptides,"TB-500 (Thymosin Beta-4) is a synthetic peptide researched for its role in cell migration, tissue repair, and recovery processes. Each vial contains lyophilized powder.",10mg Vial,TB10,447.00,149.00,100,0.05,Buy TB-500 10mg | Research Peptides,"Purchase TB-500 10mg for research purposes. High purity, lab-tested. Fast shipping.",tb-500.jpg,Recovery & Healing,true
TB-500,tb-500,Peptide,Peptides,"TB-500 (Thymosin Beta-4) is a synthetic peptide researched for its role in cell migration, tissue repair, and recovery processes. Each vial contains lyophilized powder.",20mg Vial,TB20,834.00,278.00,100,0.05,Buy TB-500 20mg | Research Peptides,"Purchase TB-500 20mg for research purposes. High purity, lab-tested. Fast shipping.",tb-500.jpg,Recovery & Healing,true
BPC-157 + TB-500 Blend,bpc-157-tb-500-blend,Peptide Blend,Peptide Blends,"A research blend combining BPC-157 and TB-500 peptides, studied for synergistic tissue repair and recovery properties. Each vial contains lyophilized powder.",4mg (BPC 2mg + TB 2mg) Vial,BB04,171.00,57.00,100,0.05,Buy BPC-157 + TB-500 Blend 4mg (BPC 2mg + TB 2mg) | Research Peptides,"Purchase BPC-157 + TB-500 Blend 4mg (BPC 2mg + TB 2mg) for research purposes. High purity, lab-tested. Fast shipping.",bpc-157-tb-500-blend.jpg,Recovery & Healing,true
BPC-157 + TB-500 Blend,bpc-157-tb-500-blend,Peptide Blend,Peptide Blends,"A research blend combining BPC-157 and TB-500 peptides, studied for synergistic tissue repair and recovery properties. Each vial contains lyophilized powder.",10mg (BPC 5mg + TB 5mg) Vial,BB10,309.00,103.00,100,0.05,Buy BPC-157 + TB-500 Blend 10mg (BPC 5mg + TB 5mg) | Research Peptides,"Purchase BPC-157 + TB-500 Blend 10mg (BPC 5mg + TB 5mg) for research purposes. High purity, lab-tested. Fast shipping.",bpc-157-tb-500-blend.jpg,Recovery & Healing,true
BPC-157 + TB-500 Blend,bpc-157-tb-500-blend,Peptide Blend,Peptide Blends,"A research blend combining BPC-157 and TB-500 peptides, studied for synergistic tissue repair and recovery properties. Each vial contains lyophilized powder.",20mg (BPC 10mg + TB 10mg) Vial,BB20,540.00,180.00,100,0.05,BPC-157 + TB-500 Blend 20mg (BPC 10mg + TB 10mg) | Research Grade,"Purchase BPC-157 + TB-500 Blend 20mg (BPC 10mg + TB 10mg) for research purposes. High purity, lab-tested. Fast shipping.",bpc-157-tb-500-blend.jpg,Recovery & Healing,true
SS-31 (Elamipretide),ss-31-elamipretide,Peptide,Peptides,SS-31 (Elamipretide) is a mitochondria-targeted peptide researched for cellular energy production and oxidative stress reduction. Each vial contains lyophilized powder.,5mg Vial,2S5,171.00,57.00,100,0.05,Buy SS-31 (Elamipretide) 5mg | Research Peptides,"Purchase SS-31 (Elamipretide) 5mg for research purposes. High purity, lab-tested. Fast shipping.",ss-31-elamipretide.jpg,Anti-Aging & Longevity,true
SS-31 (Elamipretide),ss-31-elamipretide,Peptide,Peptides,SS-31 (Elamipretide) is a mitochondria-targeted peptide researched for cellular energy production and oxidative stress reduction. Each vial contains lyophilized powder.,10mg Vial,2S10,270.00,90.00,100,0.05,Buy SS-31 (Elamipretide) 10mg | Research Peptides,"Purchase SS-31 (Elamipretide) 10mg for research purposes. High purity, lab-tested. Fast shipping.",ss-31-elamipretide.jpg,Anti-Aging & Longevity,true
SS-31 (Elamipretide),ss-31-elamipretide,Peptide,Peptides,SS-31 (Elamipretide) is a mitochondria-targeted peptide researched for cellular energy production and oxidative stress reduction. Each vial contains lyophilized powder.,50mg Vial,2S50,1161.00,387.00,100,0.05,Buy SS-31 (Elamipretide) 50mg | Research Peptides,"Purchase SS-31 (Elamipretide) 50mg for research purposes. High purity, lab-tested. Fast shipping.",ss-31-elamipretide.jpg,Anti-Aging & Longevity,true
SLU-PP-332,slu-pp-332,Peptide,Peptides,SLU-PP-332 is a research peptide studied for its effects on exercise mimetic pathways and metabolic regulation. Each vial contains lyophilized powder.,5mg Vial,332SLU,231.00,77.00,100,0.05,Buy SLU-PP-332 5mg | Research Peptides,"Purchase SLU-PP-332 5mg for research purposes. High purity, lab-tested. Fast shipping.",slu-pp-332.jpg,Performance,true
CJC-1295 (No DAC),cjc-1295-no-dac,Peptide,Growth Hormone Secretagogues,CJC-1295 without DAC (Mod GRF 1-29) is a growth hormone-releasing hormone analog studied for pulsatile GH release. Each vial contains lyophilized powder.,2mg Vial,CND2,138.00,46.00,100,0.05,Buy CJC-1295 (No DAC) 2mg | Research Peptides,"Purchase CJC-1295 (No DAC) 2mg for research purposes. High purity, lab-tested. Fast shipping.",cjc-1295-no-dac.jpg,Growth & Recovery,true
CJC-1295 (No DAC),cjc-1295-no-dac,Peptide,Growth Hormone Secretagogues,CJC-1295 without DAC (Mod GRF 1-29) is a growth hormone-releasing hormone analog studied for pulsatile GH release. Each vial contains lyophilized powder.,5mg Vial,CND5,231.00,77.00,100,0.05,Buy CJC-1295 (No DAC) 5mg | Research Peptides,"Purchase CJC-1295 (No DAC) 5mg for research purposes. High purity, lab-tested. Fast shipping.",cjc-1295-no-dac.jpg,Growth & Recovery,true
CJC-1295 (No DAC),cjc-1295-no-dac,Peptide,Growth Hormone Secretagogues,CJC-1295 without DAC (Mod GRF 1-29) is a growth hormone-releasing hormone analog studied for pulsatile GH release. Each vial contains lyophilized powder.,10mg Vial,CND10,465.00,155.00,100,0.05,Buy CJC-1295 (No DAC) 10mg | Research Peptides,"Purchase CJC-1295 (No DAC) 10mg for research purposes. High purity, lab-tested. Fast shipping.",cjc-1295-no-dac.jpg,Growth & Recovery,true
CJC-1295 (No DAC) + Ipamorelin Blend,cjc-1295-no-dac-ipamorelin-blend,Peptide Blend,Peptide Blends,"A research blend of CJC-1295 (No DAC) and Ipamorelin, studied for synergistic growth hormone release. Each vial contains lyophilized powder.",10mg (CJC 5mg + IPA 5mg) Vial,CP10,309.00,103.00,100,0.05,CJC-1295 (No DAC) + Ipamorelin Blend 10mg (CJC 5mg + IPA 5mg),"Purchase CJC-1295 (No DAC) + Ipamorelin Blend 10mg (CJC 5mg + IPA 5mg) for research purposes. High purity, lab-tested. Fast shipping.",cjc-1295-no-dac-ipamorelin-blend.jpg,Growth & Recovery,true
CJC-1295 (No DAC) + Ipamorelin Blend,cjc-1295-no-dac-ipamorelin-blend,Peptide Blend,Peptide Blends,"A research blend of CJC-1295 (No DAC) and Ipamorelin, studied for synergistic growth hormone release. Each vial contains lyophilized powder.",20mg (CJC 10mg + IPA 10mg) Vial,CP20,579.00,193.00,100,0.05,CJC-1295 (No DAC) + Ipamorelin Blend 20mg (CJC 10mg + IPA 10mg),"Purchase CJC-1295 (No DAC) + Ipamorelin Blend 20mg (CJC 10mg + IPA 10mg) for research purposes. High purity, lab-tested. Fast shipping.",cjc-1295-no-dac-ipamorelin-blend.jpg,Growth & Recovery,true
CJC-1295 (with DAC),cjc-1295-with-dac,Peptide,Growth Hormone Secretagogues,CJC-1295 with Drug Affinity Complex is a long-acting GHRH analog studied for sustained growth hormone elevation. Each vial contains lyophilized powder.,2mg Vial,CD2,216.00,72.00,100,0.05,Buy CJC-1295 (with DAC) 2mg | Research Peptides,"Purchase CJC-1295 (with DAC) 2mg for research purposes. High purity, lab-tested. Fast shipping.",cjc-1295-with-dac.jpg,Growth & Recovery,true
CJC-1295 (with DAC),cjc-1295-with-dac,Peptide,Growth Hormone Secretagogues,CJC-1295 with Drug Affinity Complex is a long-acting GHRH analog studied for sustained growth hormone elevation. Each vial contains lyophilized powder.,5mg Vial,CD5,465.00,155.00,100,0.05,Buy CJC-1295 (with DAC) 5mg | Research Peptides,"Purchase CJC-1295 (with DAC) 5mg for research purposes. High purity, lab-tested. Fast shipping.",cjc-1295-with-dac.jpg,Growth & Recovery,true
AOD-9604,aod-9604,Peptide,Peptides,AOD-9604 is a modified fragment of human growth hormone researched for its effects on fat metabolism without affecting blood sugar. Each vial contains lyophilized powder.,2mg Vial,AOD2,156.00,52.00,100,0.05,Buy AOD-9604 2mg | Research Peptides,"Purchase AOD-9604 2mg for research purposes. High purity, lab-tested. Fast shipping.",aod-9604.jpg,Weight Management,true
AOD-9604,aod-9604,Peptide,Peptides,AOD-9604 is a modified fragment of human growth hormone researched for its effects on fat metabolism without affecting blood sugar. Each vial contains lyophilized powder.,5mg Vial,AOD5,255.00,85.00,100,0.05,Buy AOD-9604 5mg | Research Peptides,"Purchase AOD-9604 5mg for research purposes. High purity, lab-tested. Fast shipping.",aod-9604.jpg,Weight Management,true
AOD-9604,aod-9604,Peptide,Peptides,AOD-9604 is a modified fragment of human growth hormone researched for its effects on fat metabolism without affecting blood sugar. Each vial contains lyophilized powder.,10mg Vial,AOD10,447.00,149.00,100,0.05,Buy AOD-9604 10mg | Research Peptides,"Purchase AOD-9604 10mg for research purposes. High purity, lab-tested. Fast shipping.",aod-9604.jpg,Weight Management,true
IGF-1 LR3,igf-1-lr3,Peptide,Growth Factors,"IGF-1 LR3 (Long R3 Insulin-like Growth Factor-1) is a modified peptide with extended half-life, researched for cell growth and proliferation. Each vial contains lyophilized powder.",0.1mg Vial,IGF01,117.00,39.00,100,0.05,Buy IGF-1 LR3 0.1mg | Research Peptides,"Purchase IGF-1 LR3 0.1mg for research purposes. High purity, lab-tested. Fast shipping.",igf-1-lr3.jpg,Growth & Recovery,true
IGF-1 LR3,igf-1-lr3,Peptide,Growth Factors,"IGF-1 LR3 (Long R3 Insulin-like Growth Factor-1) is a modified peptide with extended half-life, researched for cell growth and proliferation. Each vial contains lyophilized powder.",1mg Vial,IGF1,540.00,180.00,100,0.05,Buy IGF-1 LR3 1mg | Research Peptides,"Purchase IGF-1 LR3 1mg for research purposes. High purity, lab-tested. Fast shipping.",igf-1-lr3.jpg,Growth & Recovery,true
MOTS-c,mots-c,Peptide,Peptides,"MOTS-c is a mitochondrial-derived peptide researched for its role in metabolic homeostasis, exercise biology, and longevity. Each vial contains lyophilized powder.",5mg Vial,MS5,138.00,46.00,100,0.05,Buy MOTS-c 5mg | Research Peptides,"Purchase MOTS-c 5mg for research purposes. High purity, lab-tested. Fast shipping.",mots-c.jpg,Anti-Aging & Longevity,true
MOTS-c,mots-c,Peptide,Peptides,"MOTS-c is a mitochondrial-derived peptide researched for its role in metabolic homeostasis, exercise biology, and longevity. Each vial contains lyophilized powder.",10mg Vial,MS10,177.00,59.00,100,0.05,Buy MOTS-c 10mg | Research Peptides,"Purchase MOTS-c 10mg for research purposes. High purity, lab-tested. Fast shipping.",mots-c.jpg,Anti-Aging & Longevity,true
MOTS-c,mots-c,Peptide,Peptides,"MOTS-c is a mitochondrial-derived peptide researched for its role in metabolic homeostasis, exercise biology, and longevity. Each vial contains lyophilized powder.",40mg Vial,MS40,579.00,193.00,100,0.05,Buy MOTS-c 40mg | Research Peptides,"Purchase MOTS-c 40mg for research purposes. High purity, lab-tested. Fast shipping.",mots-c.jpg,Anti-Aging & Longevity,true
Melanotan-1,melanotan-1,Peptide,Peptides,Melanotan-1 (Afamelanotide) is a synthetic alpha-MSH analog studied for its effects on melanogenesis and skin pigmentation. Each vial contains lyophilized powder.,10mg Vial,MT1,138.00,46.00,100,0.05,Buy Melanotan-1 10mg | Research Peptides,"Purchase Melanotan-1 10mg for research purposes. High purity, lab-tested. Fast shipping.",melanotan-1.jpg,Tanning & Skin,true
Melanotan-2,melanotan-2,Peptide,Peptides,Melanotan-2 is a synthetic analog of alpha-melanocyte-stimulating hormone researched for tanning response and libido effects. Each vial contains lyophilized powder.,10mg Vial,MT2,138.00,46.00,100,0.05,Buy Melanotan-2 10mg | Research Peptides,"Purchase Melanotan-2 10mg for research purposes. High purity, lab-tested. Fast shipping.",melanotan-2.jpg,Tanning & Skin,true
Epithalon,epithalon,Peptide,Peptides,Epithalon (Epitalon) is a tetrapeptide researched for its effects on telomerase activation and anti-aging mechanisms. Each vial contains lyophilized powder.,10mg Vial,ET10,138.00,46.00,100,0.05,Buy Epithalon 10mg | Research Peptides,"Purchase Epithalon 10mg for research purposes. High purity, lab-tested. Fast shipping.",epithalon.jpg,Anti-Aging & Longevity,true
Epithalon,epithalon,Peptide,Peptides,Epithalon (Epitalon) is a tetrapeptide researched for its effects on telomerase activation and anti-aging mechanisms. Each vial contains lyophilized powder.,50mg Vial,ET50,465.00,155.00,100,0.05,Buy Epithalon 50mg | Research Peptides,"Purchase Epithalon 50mg for research purposes. High purity, lab-tested. Fast shipping.",epithalon.jpg,Anti-Aging & Longevity,true
GHRP-2 Acetate,ghrp-2-acetate,Peptide,Growth Hormone Secretagogues,GHRP-2 (Growth Hormone Releasing Peptide-2) is a synthetic hexapeptide that stimulates growth hormone secretion. Each vial contains lyophilized powder.,5mg Vial,G25,93.00,31.00,100,0.05,Buy GHRP-2 Acetate 5mg | Research Peptides,"Purchase GHRP-2 Acetate 5mg for research purposes. High purity, lab-tested. Fast shipping.",ghrp-2-acetate.jpg,Growth & Recovery,true
GHRP-2 Acetate,ghrp-2-acetate,Peptide,Growth Hormone Secretagogues,GHRP-2 (Growth Hormone Releasing Peptide-2) is a synthetic hexapeptide that stimulates growth hormone secretion. Each vial contains lyophilized powder.,10mg Vial,G210,138.00,46.00,100,0.05,Buy GHRP-2 Acetate 10mg | Research Peptides,"Purchase GHRP-2 Acetate 10mg for research purposes. High purity, lab-tested. Fast shipping.",ghrp-2-acetate.jpg,Growth & Recovery,true
GHRP-6 Acetate,ghrp-6-acetate,Peptide,Growth Hormone Secretagogues,GHRP-6 (Growth Hormone Releasing Peptide-6) is a synthetic peptide that stimulates growth hormone release and appetite. Each vial contains lyophilized powder.,5mg Vial,G65,93.00,31.00,100,0.05,Buy GHRP-6 Acetate 5mg | Research Peptides,"Purchase GHRP-6 Acetate 5mg for research purposes. High purity, lab-tested. Fast shipping.",ghrp-6-acetate.jpg,Growth & Recovery,true
GHRP-6 Acetate,ghrp-6-acetate,Peptide,Growth Hormone Secretagogues,GHRP-6 (Growth Hormone Releasing Peptide-6) is a synthetic peptide that stimulates growth hormone release and appetite. Each vial contains lyophilized powder.,10mg Vial,G610,138.00,46.00,100,0.05,Buy GHRP-6 Acetate 10mg | Research Peptides,"Purchase GHRP-6 Acetate 10mg for research purposes. High purity, lab-tested. Fast shipping.",ghrp-6-acetate.jpg,Growth & Recovery,true
PT-141 (Bremelanotide),pt-141-bremelanotide,Peptide,Peptides,PT-141 (Bremelanotide) is a synthetic melanocortin peptide researched for sexual dysfunction and arousal mechanisms. Each vial contains lyophilized powder.,10mg Vial,PT41,192.00,64.00,100,0.05,Buy PT-141 (Bremelanotide) 10mg | Research Peptides,"Purchase PT-141 (Bremelanotide) 10mg for research purposes. High purity, lab-tested. Fast shipping.",pt-141-bremelanotide.jpg,Sexual Health,true
Selank,selank,Peptide,Nootropic Peptides,"Selank is a synthetic heptapeptide analog of tuftsin, researched for anxiolytic and nootropic properties. Each vial contains lyophilized powder.",5mg Vial,SK5,138.00,46.00,100,0.05,Buy Selank 5mg | Research Peptides,"Purchase Selank 5mg for research purposes. High purity, lab-tested. Fast shipping.",selank.jpg,Cognitive & Mood,true
Selank,selank,Peptide,Nootropic Peptides,"Selank is a synthetic heptapeptide analog of tuftsin, researched for anxiolytic and nootropic properties. Each vial contains lyophilized powder.",10mg Vial,SK10,231.00,77.00,100,0.05,Buy Selank 10mg | Research Peptides,"Purchase Selank 10mg for research purposes. High purity, lab-tested. Fast shipping.",selank.jpg,Cognitive & Mood,true
Semax,semax,Peptide,Nootropic Peptides,"Semax is a synthetic heptapeptide derived from ACTH, researched for neuroprotective and cognitive-enhancing properties. Each vial contains lyophilized powder.",5mg Vial,XA5,138.00,46.00,100,0.05,Buy Semax 5mg | Research Peptides,"Purchase Semax 5mg for research purposes. High purity, lab-tested. Fast shipping.",semax.jpg,Cognitive & Mood,true
Semax,semax,Peptide,Nootropic Peptides,"Semax is a synthetic heptapeptide derived from ACTH, researched for neuroprotective and cognitive-enhancing properties. Each vial contains lyophilized powder.",10mg Vial,XA10,192.00,64.00,100,0.05,Buy Semax 10mg | Research Peptides,"Purchase Semax 10mg for research purposes. High purity, lab-tested. Fast shipping.",semax.jpg,Cognitive & Mood,true
Semax,semax,Peptide,Nootropic Peptides,"Semax is a synthetic heptapeptide derived from ACTH, researched for neuroprotective and cognitive-enhancing properties. Each vial contains lyophilized powder.",30mg Vial,XA30,465.00,155.00,100,0.05,Buy Semax 30mg | Research Peptides,"Purchase Semax 30mg for research purposes. High purity, lab-tested. Fast shipping.",semax.jpg,Cognitive & Mood,true
Tesamorelin,tesamorelin,Peptide,Growth Hormone Secretagogues,Tesamorelin is a synthetic growth hormone-releasing hormone analog researched for its effects on visceral fat reduction and GH secretion. Each vial contains lyophilized powder.,2mg Vial,TSM2,156.00,52.00,100,0.05,Buy Tesamorelin 2mg | Research Peptides,"Purchase Tesamorelin 2mg for research purposes. High purity, lab-tested. Fast shipping.",tesamorelin.jpg,Growth & Recovery,true
Tesamorelin,tesamorelin,Peptide,Growth Hormone Secretagogues,Tesamorelin is a synthetic growth hormone-releasing hormone analog researched for its effects on visceral fat reduction and GH secretion. Each vial contains lyophilized powder.,5mg Vial,TSM5,270.00,90.00,100,0.05,Buy Tesamorelin 5mg | Research Peptides,"Purchase Tesamorelin 5mg for research purposes. High purity, lab-tested. Fast shipping.",tesamorelin.jpg,Growth & Recovery,true
Tesamorelin,tesamorelin,Peptide,Growth Hormone Secretagogues,Tesamorelin is a synthetic growth hormone-releasing hormone analog researched for its effects on visceral fat reduction and GH secretion. Each vial contains lyophilized powder.,10mg Vial,TSM10,504.00,168.00,100,0.05,Buy Tesamorelin 10mg | Research Peptides,"Purchase Tesamorelin 10mg for research purposes. High purity, lab-tested. Fast shipping.",tesamorelin.jpg,Growth & Recovery,true
Tesamorelin,tesamorelin,Peptide,Growth Hormone Secretagogues,Tesamorelin is a synthetic growth hormone-releasing hormone analog researched for its effects on visceral fat reduction and GH secretion. Each vial contains lyophilized powder.,20mg Vial,TSM20,927.00,309.00,100,0.05,Buy Tesamorelin 20mg | Research Peptides,"Purchase Tesamorelin 20mg for research purposes. High purity, lab-tested. Fast shipping.",tesamorelin.jpg,Growth & Recovery,true
Sermorelin Acetate,sermorelin-acetate,Peptide,Growth Hormone Secretagogues,Sermorelin is a synthetic GHRH analog (GRF 1-29) researched for stimulating natural growth hormone production. Each vial contains lyophilized powder.,2mg Vial,SMO2,117.00,39.00,100,0.05,Buy Sermorelin Acetate 2mg | Research Peptides,"Purchase Sermorelin Acetate 2mg for research purposes. High purity, lab-tested. Fast shipping.",sermorelin-acetate.jpg,Growth & Recovery,true
Sermorelin Acetate,sermorelin-acetate,Peptide,Growth Hormone Secretagogues,Sermorelin is a synthetic GHRH analog (GRF 1-29) researched for stimulating natural growth hormone production. Each vial contains lyophilized powder.,5mg Vial,SMO5,216.00,72.00,100,0.05,Buy Sermorelin Acetate 5mg | Research Peptides,"Purchase Sermorelin Acetate 5mg for research purposes. High purity, lab-tested. Fast shipping.",sermorelin-acetate.jpg,Growth & Recovery,true
Sermorelin Acetate,sermorelin-acetate,Peptide,Growth Hormone Secretagogues,Sermorelin is a synthetic GHRH analog (GRF 1-29) researched for stimulating natural growth hormone production. Each vial contains lyophilized powder.,10mg Vial,SMO10,426.00,142.00,100,0.05,Buy Sermorelin Acetate 10mg | Research Peptides,"Purchase Sermorelin Acetate 10mg for research purposes. High purity, lab-tested. Fast shipping.",sermorelin-acetate.jpg,Growth & Recovery,true
Thymosin Alpha-1,thymosin-alpha-1,Peptide,Peptides,Thymosin Alpha-1 is an immunomodulatory peptide researched for enhancing immune function and T-cell activity. Each vial contains lyophilized powder.,2mg Vial,TA2,93.00,31.00,100,0.05,Buy Thymosin Alpha-1 2mg | Research Peptides,"Purchase Thymosin Alpha-1 2mg for research purposes. High purity, lab-tested. Fast shipping.",thymosin-alpha-1.jpg,Immune Support,true
Thymosin Alpha-1,thymosin-alpha-1,Peptide,Peptides,Thymosin Alpha-1 is an immunomodulatory peptide researched for enhancing immune function and T-cell activity. Each vial contains lyophilized powder.,5mg Vial,TA5,231.00,77.00,100,0.05,Buy Thymosin Alpha-1 5mg | Research Peptides,"Purchase Thymosin Alpha-1 5mg for research purposes. High purity, lab-tested. Fast shipping.",thymosin-alpha-1.jpg,Immune Support,true
Thymosin Alpha-1,thymosin-alpha-1,Peptide,Peptides,Thymosin Alpha-1 is an immunomodulatory peptide researched for enhancing immune function and T-cell activity. Each vial contains lyophilized powder.,10mg Vial,TA10,447.00,149.00,100,0.05,Buy Thymosin Alpha-1 10mg | Research Peptides,"Purchase Thymosin Alpha-1 10mg for research purposes. High purity, lab-tested. Fast shipping.",thymosin-alpha-1.jpg,Immune Support,true
Thymalin,thymalin,Peptide,Peptides,Thymalin is a thymic peptide bioregulator researched for immune system modulation and anti-aging properties. Each vial contains lyophilized powder.,10mg Vial,TY10,177.00,59.00,100,0.05,Buy Thymalin 10mg | Research Peptides,"Purchase Thymalin 10mg for research purposes. High purity, lab-tested. Fast shipping.",thymalin.jpg,Immune Support,true
Thymalin,thymalin,Peptide,Peptides,Thymalin is a thymic peptide bioregulator researched for immune system modulation and anti-aging properties. Each vial contains lyophilized powder.,20mg Vial,TY20,465.00,155.00,100,0.05,Buy Thymalin 20mg | Research Peptides,"Purchase Thymalin 20mg for research purposes. High purity, lab-tested. Fast shipping.",thymalin.jpg,Immune Support,true
Ipamorelin,ipamorelin,Peptide,Growth Hormone Secretagogues,Ipamorelin is a selective growth hormone secretagogue peptide researched for targeted GH release with minimal side effects. Each vial contains lyophilized powder.,2mg Vial,IP2,84.00,28.00,100,0.05,Buy Ipamorelin 2mg | Research Peptides,"Purchase Ipamorelin 2mg for research purposes. High purity, lab-tested. Fast shipping.",ipamorelin.jpg,Growth & Recovery,true
Ipamorelin,ipamorelin,Peptide,Growth Hormone Secretagogues,Ipamorelin is a selective growth hormone secretagogue peptide researched for targeted GH release with minimal side effects. Each vial contains lyophilized powder.,5mg Vial,IP5,138.00,46.00,100,0.05,Buy Ipamorelin 5mg | Research Peptides,"Purchase Ipamorelin 5mg for research purposes. High purity, lab-tested. Fast shipping.",ipamorelin.jpg,Growth & Recovery,true
Ipamorelin,ipamorelin,Peptide,Growth Hormone Secretagogues,Ipamorelin is a selective growth hormone secretagogue peptide researched for targeted GH release with minimal side effects. Each vial contains lyophilized powder.,10mg Vial,IP10,216.00,72.00,100,0.05,Buy Ipamorelin 10mg | Research Peptides,"Purchase Ipamorelin 10mg for research purposes. High purity, lab-tested. Fast shipping.",ipamorelin.jpg,Growth & Recovery,true
Mazdutide,mazdutide,Peptide,GLP-1 Receptor Agonists,Mazdutide is a dual GLP-1 and glucagon receptor agonist peptide researched for metabolic regulation and weight management. Each vial contains lyophilized powder.,5mg Vial,MAZ5,309.00,103.00,100,0.05,Buy Mazdutide 5mg | Research Peptides,"Purchase Mazdutide 5mg for research purposes. High purity, lab-tested. Fast shipping.",mazdutide.jpg,Weight Management,true
Mazdutide,mazdutide,Peptide,GLP-1 Receptor Agonists,Mazdutide is a dual GLP-1 and glucagon receptor agonist peptide researched for metabolic regulation and weight management. Each vial contains lyophilized powder.,10mg Vial,MAZ10,579.00,193.00,100,0.05,Buy Mazdutide 10mg | Research Peptides,"Purchase Mazdutide 10mg for research purposes. High purity, lab-tested. Fast shipping.",mazdutide.jpg,Weight Management,true
Mazdutide,mazdutide,Peptide,GLP-1 Receptor Agonists,Mazdutide is a dual GLP-1 and glucagon receptor agonist peptide researched for metabolic regulation and weight management. Each vial contains lyophilized powder.,20mg Vial,MAZ20,1236.00,412.00,100,0.05,Buy Mazdutide 20mg | Research Peptides,"Purchase Mazdutide 20mg for research purposes. High purity, lab-tested. Fast shipping.",mazdutide.jpg,Weight Management,true
Cagrilintide,cagrilintide,Peptide,GLP-1 Receptor Agonists,Cagrilintide is a long-acting amylin analog peptide researched for appetite regulation and weight management. Each vial contains lyophilized powder.,5mg Vial,CGL5,279.00,93.00,100,0.05,Buy Cagrilintide 5mg | Research Peptides,"Purchase Cagrilintide 5mg for research purposes. High purity, lab-tested. Fast shipping.",cagrilintide.jpg,Weight Management,true
Cagrilintide,cagrilintide,Peptide,GLP-1 Receptor Agonists,Cagrilintide is a long-acting amylin analog peptide researched for appetite regulation and weight management. Each vial contains lyophilized powder.,10mg Vial,CGL10,540.00,180.00,100,0.05,Buy Cagrilintide 10mg | Research Peptides,"Purchase Cagrilintide 10mg for research purposes. High purity, lab-tested. Fast shipping.",cagrilintide.jpg,Weight Management,true
Survodutide,survodutide,Peptide,GLP-1 Receptor Agonists,Survodutide is a dual GLP-1 and glucagon receptor agonist peptide studied for metabolic health and body weight regulation. Each vial contains lyophilized powder.,2mg Vial,SUR2,309.00,103.00,100,0.05,Buy Survodutide 2mg | Research Peptides,"Purchase Survodutide 2mg for research purposes. High purity, lab-tested. Fast shipping.",survodutide.jpg,Weight Management,true
Survodutide,survodutide,Peptide,GLP-1 Receptor Agonists,Survodutide is a dual GLP-1 and glucagon receptor agonist peptide studied for metabolic health and body weight regulation. Each vial contains lyophilized powder.,5mg Vial,SUR5,540.00,180.00,100,0.05,Buy Survodutide 5mg | Research Peptides,"Purchase Survodutide 5mg for research purposes. High purity, lab-tested. Fast shipping.",survodutide.jpg,Weight Management,true
Survodutide,survodutide,Peptide,GLP-1 Receptor Agonists,Survodutide is a dual GLP-1 and glucagon receptor agonist peptide studied for metabolic health and body weight regulation. Each vial contains lyophilized powder.,10mg Vial,SUR10,852.00,284.00,100,0.05,Buy Survodutide 10mg | Research Peptides,"Purchase Survodutide 10mg for research purposes. High purity, lab-tested. Fast shipping.",survodutide.jpg,Weight Management,true
Survodutide,survodutide,Peptide,GLP-1 Receptor Agonists,Survodutide is a dual GLP-1 and glucagon receptor agonist peptide studied for metabolic health and body weight regulation. Each vial contains lyophilized powder.,15mg Vial,SUR15,1161.00,387.00,100,0.05,Buy Survodutide 15mg | Research Peptides,"Purchase Survodutide 15mg for research purposes. High purity, lab-tested. Fast shipping.",survodutide.jpg,Weight Management,true
NAD+,nad,Peptide,Peptides,"NAD+ (Nicotinamide Adenine Dinucleotide) is a coenzyme researched for cellular energy production, DNA repair, and anti-aging applications. Each vial contains lyophilized powder.",100mg Vial,NJ100,138.00,46.00,100,0.05,Buy NAD+ 100mg | Research Peptides,"Purchase NAD+ 100mg for research purposes. High purity, lab-tested. Fast shipping.",nad.jpg,Anti-Aging & Longevity,true
NAD+,nad,Peptide,Peptides,"NAD+ (Nicotinamide Adenine Dinucleotide) is a coenzyme researched for cellular energy production, DNA repair, and anti-aging applications. Each vial contains lyophilized powder.",500mg Vial,NJ500,201.00,67.00,100,0.05,Buy NAD+ 500mg | Research Peptides,"Purchase NAD+ 500mg for research purposes. High purity, lab-tested. Fast shipping.",nad.jpg,Anti-Aging & Longevity,true
NAD+,nad,Peptide,Peptides,"NAD+ (Nicotinamide Adenine Dinucleotide) is a coenzyme researched for cellular energy production, DNA repair, and anti-aging applications. Each vial contains lyophilized powder.",1000mg Vial,NJ1000,372.00,124.00,100,0.05,Buy NAD+ 1000mg | Research Peptides,"Purchase NAD+ 1000mg for research purposes. High purity, lab-tested. Fast shipping.",nad.jpg,Anti-Aging & Longevity,true
GHK-Cu,ghk-cu,Peptide,Peptides,"GHK-Cu (Copper Peptide) is a naturally occurring tripeptide researched for tissue remodeling, anti-aging, and wound healing properties. Each vial contains lyophilized powder.",50mg Vial,CU50,117.00,39.00,100,0.05,Buy GHK-Cu 50mg | Research Peptides,"Purchase GHK-Cu 50mg for research purposes. High purity, lab-tested. Fast shipping.",ghk-cu.jpg,Anti-Aging & Longevity,true
GHK-Cu,ghk-cu,Peptide,Peptides,"GHK-Cu (Copper Peptide) is a naturally occurring tripeptide researched for tissue remodeling, anti-aging, and wound healing properties. Each vial contains lyophilized powder.",100mg Vial,CU100,156.00,52.00,100,0.05,Buy GHK-Cu 100mg | Research Peptides,"Purchase GHK-Cu 100mg for research purposes. High purity, lab-tested. Fast shipping.",ghk-cu.jpg,Anti-Aging & Longevity,true
Glow Blend (BPC-157 + GHK-Cu + TB-500),glow-blend-bpc-157-ghk-cu-tb-500,Peptide Blend,Peptide Blends,"A research blend combining BPC-157, GHK-Cu, and TB-500 for synergistic tissue repair, skin health, and recovery. Each vial contains lyophilized powder.",50mg Vial,GLOW50,480.00,160.00,100,0.05,Buy Glow Blend (BPC-157 + GHK-Cu + TB-500) 50mg | Research Peptides,"Purchase Glow Blend (BPC-157 + GHK-Cu + TB-500) 50mg for research purposes. High purity, lab-tested. Fast shipping.",glow-blend-bpc-157-ghk-cu-tb-500.jpg,Recovery & Healing,true
Glow Blend (BPC-157 + GHK-Cu + TB-500),glow-blend-bpc-157-ghk-cu-tb-500,Peptide Blend,Peptide Blends,"A research blend combining BPC-157, GHK-Cu, and TB-500 for synergistic tissue repair, skin health, and recovery. Each vial contains lyophilized powder.",70mg Vial,GLOW70,579.00,193.00,100,0.05,Buy Glow Blend (BPC-157 + GHK-Cu + TB-500) 70mg | Research Peptides,"Purchase Glow Blend (BPC-157 + GHK-Cu + TB-500) 70mg for research purposes. High purity, lab-tested. Fast shipping.",glow-blend-bpc-157-ghk-cu-tb-500.jpg,Recovery & Healing,true
Glow+ Blend (BPC-157 + GHK-Cu + TB-500 + KPV),glow-blend-bpc-157-ghk-cu-tb-500-kpv,Peptide Blend,Peptide Blends,"An advanced research blend combining BPC-157, GHK-Cu, TB-500, and KPV for enhanced tissue repair, skin health, and anti-inflammatory support. Each vial contains lyophilized powder.",80mg Vial,KLOW80,657.00,219.00,100,0.05,Glow+ Blend (BPC-157 + GHK-Cu + TB-500 + KPV) 80mg | Research Grade,"Purchase Glow+ Blend (BPC-157 + GHK-Cu + TB-500 + KPV) 80mg for research purposes. High purity, lab-tested. Fast shipping.",glow-blend-bpc-157-ghk-cu-tb-500-kpv.jpg,Recovery & Healing,true
KPV,kpv,Peptide,Peptides,KPV is a tripeptide derived from alpha-MSH researched for its anti-inflammatory and antimicrobial properties. Each vial contains lyophilized powder.,10mg Vial,KP10,177.00,59.00,100,0.05,Buy KPV 10mg | Research Peptides,"Purchase KPV 10mg for research purposes. High purity, lab-tested. Fast shipping.",kpv.jpg,Immune Support,true
VIP (Vasoactive Intestinal Peptide),vip-vasoactive-intestinal-peptide,Peptide,Peptides,"VIP (Vasoactive Intestinal Peptide) is a neuropeptide researched for immune modulation, neuroprotection, and respiratory function. Each vial contains lyophilized powder.",10mg Vial,VIP10,525.00,175.00,100,0.05,Buy VIP (Vasoactive Intestinal Peptide) 10mg | Research Peptides,"Purchase VIP (Vasoactive Intestinal Peptide) 10mg for research purposes. High purity, lab-tested. Fast shipping.",vip-vasoactive-intestinal-peptide.jpg,Immune Support,true
KissPeptin-10,kisspeptin-10,Peptide,Peptides,KissPeptin-10 is a neuropeptide researched for its role in reproductive hormone regulation and GnRH signaling. Each vial contains lyophilized powder.,5mg Vial,KS5,138.00,46.00,100,0.05,Buy KissPeptin-10 5mg | Research Peptides,"Purchase KissPeptin-10 5mg for research purposes. High purity, lab-tested. Fast shipping.",kisspeptin-10.jpg,Sexual Health,true
KissPeptin-10,kisspeptin-10,Peptide,Peptides,KissPeptin-10 is a neuropeptide researched for its role in reproductive hormone regulation and GnRH signaling. Each vial contains lyophilized powder.,10mg Vial,KS10,231.00,77.00,100,0.05,Buy KissPeptin-10 10mg | Research Peptides,"Purchase KissPeptin-10 10mg for research purposes. High purity, lab-tested. Fast shipping.",kisspeptin-10.jpg,Sexual Health,true
DSIP (Delta Sleep-Inducing Peptide),dsip-delta-sleep-inducing-peptide,Peptide,Nootropic Peptides,"DSIP (Delta Sleep-Inducing Peptide) is a neuropeptide researched for sleep regulation, stress response, and circadian rhythm modulation. Each vial contains lyophilized powder.",2mg Vial,DS2,69.00,23.00,100,0.05,Buy DSIP (Delta Sleep-Inducing Peptide) 2mg | Research Peptides,"Purchase DSIP (Delta Sleep-Inducing Peptide) 2mg for research purposes. High purity, lab-tested. Fast shipping.",dsip-delta-sleep-inducing-peptide.jpg,Sleep & Recovery,true
DSIP (Delta Sleep-Inducing Peptide),dsip-delta-sleep-inducing-peptide,Peptide,Nootropic Peptides,"DSIP (Delta Sleep-Inducing Peptide) is a neuropeptide researched for sleep regulation, stress response, and circadian rhythm modulation. Each vial contains lyophilized powder.",5mg Vial,DS5,132.00,44.00,100,0.05,Buy DSIP (Delta Sleep-Inducing Peptide) 5mg | Research Peptides,"Purchase DSIP (Delta Sleep-Inducing Peptide) 5mg for research purposes. High purity, lab-tested. Fast shipping.",dsip-delta-sleep-inducing-peptide.jpg,Sleep & Recovery,true
DSIP (Delta Sleep-Inducing Peptide),dsip-delta-sleep-inducing-peptide,Peptide,Nootropic Peptides,"DSIP (Delta Sleep-Inducing Peptide) is a neuropeptide researched for sleep regulation, stress response, and circadian rhythm modulation. Each vial contains lyophilized powder.",10mg Vial,DS10,231.00,77.00,100,0.05,Buy DSIP (Delta Sleep-Inducing Peptide) 10mg | Research Peptides,"Purchase DSIP (Delta Sleep-Inducing Peptide) 10mg for research purposes. High purity, lab-tested. Fast shipping.",dsip-delta-sleep-inducing-peptide.jpg,Sleep & Recovery,true
DSIP (Delta Sleep-Inducing Peptide),dsip-delta-sleep-inducing-peptide,Peptide,Nootropic Peptides,"DSIP (Delta Sleep-Inducing Peptide) is a neuropeptide researched for sleep regulation, stress response, and circadian rhythm modulation. Each vial contains lyophilized powder.",12mg Vial,DS12,309.00,103.00,100,0.05,Buy DSIP (Delta Sleep-Inducing Peptide) 12mg | Research Peptides,"Purchase DSIP (Delta Sleep-Inducing Peptide) 12mg for research purposes. High purity, lab-tested. Fast shipping.",dsip-delta-sleep-inducing-peptide.jpg,Sleep & Recovery,true
Dihexa,dihexa,Peptide,Nootropic Peptides,"Dihexa is a synthetic peptide derived from angiotensin IV, researched for its potent nootropic and neurotrophic properties. Pricing to be confirmed.",N/A Vial,DHX,0.00,0.00,100,0.05,Buy Dihexa N/A | Research Peptides,"Purchase Dihexa N/A for research purposes. High purity, lab-tested. Fast shipping.",dihexa.jpg,Cognitive & Mood,false
Oxytocin Acetate,oxytocin-acetate,Peptide,Peptides,"Oxytocin Acetate is a synthetic neuropeptide researched for its roles in social bonding, stress response, and mood regulation. Each vial contains lyophilized powder.",2mg Vial,OT2,78.00,26.00,100,0.05,Buy Oxytocin Acetate 2mg | Research Peptides,"Purchase Oxytocin Acetate 2mg for research purposes. High purity, lab-tested. Fast shipping.",oxytocin-acetate.jpg,Cognitive & Mood,true
Oxytocin Acetate,oxytocin-acetate,Peptide,Peptides,"Oxytocin Acetate is a synthetic neuropeptide researched for its roles in social bonding, stress response, and mood regulation. Each vial contains lyophilized powder.",5mg Vial,OT5,177.00,59.00,100,0.05,Buy Oxytocin Acetate 5mg | Research Peptides,"Purchase Oxytocin Acetate 5mg for research purposes. High purity, lab-tested. Fast shipping.",oxytocin-acetate.jpg,Cognitive & Mood,true
Oxytocin Acetate,oxytocin-acetate,Peptide,Peptides,"Oxytocin Acetate is a synthetic neuropeptide researched for its roles in social bonding, stress response, and mood regulation. Each vial contains lyophilized powder.",10mg Vial,OT10,309.00,103.00,100,0.05,Buy Oxytocin Acetate 10mg | Research Peptides,"Purchase Oxytocin Acetate 10mg for research purposes. High purity, lab-tested. Fast shipping.",oxytocin-acetate.jpg,Cognitive & Mood,true
Hexarelin Acetate,hexarelin-acetate,Peptide,Growth Hormone Secretagogues,Hexarelin is a synthetic hexapeptide growth hormone secretagogue researched for GH release and cardioprotective properties. Each vial contains lyophilized powder.,2mg Vial,HX2,117.00,39.00,100,0.05,Buy Hexarelin Acetate 2mg | Research Peptides,"Purchase Hexarelin Acetate 2mg for research purposes. High purity, lab-tested. Fast shipping.",hexarelin-acetate.jpg,Growth & Recovery,true
Hexarelin Acetate,hexarelin-acetate,Peptide,Growth Hormone Secretagogues,Hexarelin is a synthetic hexapeptide growth hormone secretagogue researched for GH release and cardioprotective properties. Each vial contains lyophilized powder.,5mg Vial,HX5,255.00,85.00,100,0.05,Buy Hexarelin Acetate 5mg | Research Peptides,"Purchase Hexarelin Acetate 5mg for research purposes. High purity, lab-tested. Fast shipping.",hexarelin-acetate.jpg,Growth & Recovery,true
Hyaluronic Acid,hyaluronic-acid,Peptide,Peptides,"Hyaluronic Acid is a glycosaminoglycan researched for skin hydration, joint lubrication, and tissue repair applications. Pricing to be confirmed.",5mg Vial,HA5,0.00,0.00,100,0.05,Buy Hyaluronic Acid 5mg | Research Peptides,"Purchase Hyaluronic Acid 5mg for research purposes. High purity, lab-tested. Fast shipping.",hyaluronic-acid.jpg,Tanning & Skin,false
Adipotide,adipotide,Peptide,Peptides,Adipotide (FTPP) is a peptidomimetic researched for targeted fat cell apoptosis and weight management applications. Each vial contains lyophilized powder.,2mg Vial,AP2,231.00,77.00,100,0.05,Buy Adipotide 2mg | Research Peptides,"Purchase Adipotide 2mg for research purposes. High purity, lab-tested. Fast shipping.",adipotide.jpg,Weight Management,true
Adipotide,adipotide,Peptide,Peptides,Adipotide (FTPP) is a peptidomimetic researched for targeted fat cell apoptosis and weight management applications. Each vial contains lyophilized powder.,5mg Vial,AP5,465.00,155.00,100,0.05,Buy Adipotide 5mg | Research Peptides,"Purchase Adipotide 5mg for research purposes. High purity, lab-tested. Fast shipping.",adipotide.jpg,Weight Management,true
PEG-MGF,peg-mgf,Peptide,Growth Factors,PEG-MGF (PEGylated Mechano Growth Factor) is a modified IGF-1 splice variant researched for muscle repair and growth. Each vial contains lyophilized powder.,2mg Vial,FMP2,231.00,77.00,100,0.05,Buy PEG-MGF 2mg | Research Peptides,"Purchase PEG-MGF 2mg for research purposes. High purity, lab-tested. Fast shipping.",peg-mgf.jpg,Growth & Recovery,true
HCG,hcg,Hormone,Hormones,"HCG (Human Chorionic Gonadotropin) is a glycoprotein hormone used in research related to fertility, hormonal regulation, and metabolism. Each vial contains lyophilized powder.",10000 IU Vial,G10K,465.00,155.00,100,0.05,Buy HCG 10000 IU | Research Peptides,"Purchase HCG 10000 IU for research purposes. High purity, lab-tested. Fast shipping.",hcg.jpg,Fertility & Hormonal,true
HCG,hcg,Hormone,Hormones,"HCG (Human Chorionic Gonadotropin) is a glycoprotein hormone used in research related to fertility, hormonal regulation, and metabolism. Each vial contains lyophilized powder.",5000 IU Vial,G5K,231.00,77.00,100,0.05,Buy HCG 5000 IU | Research Peptides,"Purchase HCG 5000 IU for research purposes. High purity, lab-tested. Fast shipping.",hcg.jpg,Fertility & Hormonal,true
HCG,hcg,Hormone,Hormones,"HCG (Human Chorionic Gonadotropin) is a glycoprotein hormone used in research related to fertility, hormonal regulation, and metabolism. Each vial contains lyophilized powder.",2000 IU Vial,G2K,156.00,52.00,100,0.05,Buy HCG 2000 IU | Research Peptides,"Purchase HCG 2000 IU for research purposes. High purity, lab-tested. Fast shipping.",hcg.jpg,Fertility & Hormonal,true
IGF-DES,igf-des,Peptide,Growth Factors,"IGF-DES (Des(1-3) IGF-1) is a truncated form of IGF-1 with enhanced potency, researched for localized tissue growth. Each vial contains lyophilized powder.",2mg Vial,IGD,156.00,52.00,100,0.05,Buy IGF-DES 2mg | Research Peptides,"Purchase IGF-DES 2mg for research purposes. High purity, lab-tested. Fast shipping.",igf-des.jpg,Growth & Recovery,true
HGH Fragment 176-191,hgh-fragment-176-191,Peptide,Peptides,HGH Fragment 176-191 is a modified peptide fragment of human growth hormone researched specifically for fat metabolism. Each vial contains lyophilized powder.,2mg Vial,FR2,138.00,46.00,100,0.05,Buy HGH Fragment 176-191 2mg | Research Peptides,"Purchase HGH Fragment 176-191 2mg for research purposes. High purity, lab-tested. Fast shipping.",hgh-fragment-176-191.jpg,Weight Management,true
HGH Fragment 176-191,hgh-fragment-176-191,Peptide,Peptides,HGH Fragment 176-191 is a modified peptide fragment of human growth hormone researched specifically for fat metabolism. Each vial contains lyophilized powder.,5mg Vial,FR5,270.00,90.00,100,0.05,Buy HGH Fragment 176-191 5mg | Research Peptides,"Purchase HGH Fragment 176-191 5mg for research purposes. High purity, lab-tested. Fast shipping.",hgh-fragment-176-191.jpg,Weight Management,true
LL-37,ll-37,Peptide,Peptides,"LL-37 is a human cathelicidin antimicrobial peptide researched for immune defense, wound healing, and anti-biofilm activity. Each vial contains lyophilized powder.",5mg Vial,LL375,270.00,90.00,100,0.05,Buy LL-37 5mg | Research Peptides,"Purchase LL-37 5mg for research purposes. High purity, lab-tested. Fast shipping.",ll-37.jpg,Immune Support,true
Lipo-B (LC120),lipo-b-lc120,Injectable,Injectables,Lipo-B is a lipotropic injection blend researched for fat metabolism support and energy enhancement. Each vial is ready for use.,Lipo-B Injection,LC120,138.00,46.00,100,0.05,Buy Lipo-B (LC120) Lipo-B Injection | Research Peptides,"Purchase Lipo-B (LC120) Lipo-B Injection for research purposes. High purity, lab-tested. Fast shipping.",lipo-b-lc120.jpg,Weight Management,true
L-Carnitine,l-carnitine,Injectable,Injectables,"L-Carnitine is an amino acid derivative used in research for fat metabolism, energy production, and exercise performance. Each vial contains solution for injection.",600mg/10ml,LC600,138.00,46.00,100,0.05,Buy L-Carnitine 600mg/10ml | Research Peptides,"Purchase L-Carnitine 600mg/10ml for research purposes. High purity, lab-tested. Fast shipping.",l-carnitine.jpg,Weight Management,true
L-Carnitine,l-carnitine,Injectable,Injectables,"L-Carnitine is an amino acid derivative used in research for fat metabolism, energy production, and exercise performance. Each vial contains solution for injection.",216mg/10ml,LC216,138.00,46.00,100,0.05,Buy L-Carnitine 216mg/10ml | Research Peptides,"Purchase L-Carnitine 216mg/10ml for research purposes. High purity, lab-tested. Fast shipping.",l-carnitine.jpg,Weight Management,true
L-Carnitine,l-carnitine,Injectable,Injectables,"L-Carnitine is an amino acid derivative used in research for fat metabolism, energy production, and exercise performance. Each vial contains solution for injection.",350mg/ml (10ml),LC425,279.00,93.00,100,0.05,Buy L-Carnitine 350mg/ml (10ml) | Research Peptides,"Purchase L-Carnitine 350mg/ml (10ml) for research purposes. High purity, lab-tested. Fast shipping.",l-carnitine.jpg,Weight Management,true
L-Carnitine,l-carnitine,Injectable,Injectables,"L-Carnitine is an amino acid derivative used in research for fat metabolism, energy production, and exercise performance. Each vial contains solution for injection.",526mg/ml (10ml),LC526,279.00,93.00,100,0.05,Buy L-Carnitine 526mg/ml (10ml) | Research Peptides,"Purchase L-Carnitine 526mg/ml (10ml) for research purposes. High purity, lab-tested. Fast shipping.",l-carnitine.jpg,Weight Management,true
L-Carnitine,l-carnitine,Injectable,Injectables,"L-Carnitine is an amino acid derivative used in research for fat metabolism, energy production, and exercise performance. Each vial contains solution for injection.",553mg/ml (10ml),LC553,309.00,103.00,100,0.05,Buy L-Carnitine 553mg/ml (10ml) | Research Peptides,"Purchase L-Carnitine 553mg/ml (10ml) for research purposes. High purity, lab-tested. Fast shipping.",l-carnitine.jpg,Weight Management,true
L-Carnitine Blend,l-carnitine-blend,Injectable,Injectables,L-Carnitine blend injection solution for research into fat metabolism and energy optimization. Each vial contains ready-to-use solution.,226mg/ml (10ml),RP226,255.00,85.00,100,0.05,Buy L-Carnitine Blend 226mg/ml (10ml) | Research Peptides,"Purchase L-Carnitine Blend 226mg/ml (10ml) for research purposes. High purity, lab-tested. Fast shipping.",l-carnitine-blend.jpg,Weight Management,true
Super High Blend,super-high-blend,Injectable Blend,Injectables,Super High Blend is a concentrated multi-compound injectable solution for advanced metabolic research. Each vial contains ready-to-use solution.,865mg (10ml),SHB,465.00,155.00,100,0.05,Buy Super High Blend 865mg (10ml) | Research Peptides,"Purchase Super High Blend 865mg (10ml) for research purposes. High purity, lab-tested. Fast shipping.",super-high-blend.jpg,Weight Management,true
AOD-9604 + Tesamorelin + MOTS-c Blend,aod-9604-tesamorelin-mots-c-blend,Peptide Blend,Peptide Blends,"A triple peptide research blend combining AOD-9604, Tesamorelin, and MOTS-c for comprehensive metabolic and anti-aging research. Each vial contains lyophilized powder.",15mg (AOD 5mg + Tesa 5mg + MOTS-c 5mg) Vial,ACB,618.00,206.00,100,0.05,AOD-9604 + Tesamorelin + MOTS-c Blend 15mg (AOD 5mg + Tesa 5mg + MOTS-c 5mg),"Purchase AOD-9604 + Tesamorelin + MOTS-c Blend 15mg (AOD 5mg + Tesa 5mg + MOTS-c 5mg) for research purposes. High purity, lab-tested. Fast shipping.",aod-9604-tesamorelin-mots-c-blend.jpg,Weight Management,true
Glutathione,glutathione,Injectable,Injectables,"Glutathione is a tripeptide antioxidant researched for detoxification, immune support, and skin brightening applications. Each vial contains lyophilized powder.",500mg Vial,GT500,138.00,46.00,100,0.05,Buy Glutathione 500mg | Research Peptides,"Purchase Glutathione 500mg for research purposes. High purity, lab-tested. Fast shipping.",glutathione.jpg,Anti-Aging & Longevity,true
Glutathione,glutathione,Injectable,Injectables,"Glutathione is a tripeptide antioxidant researched for detoxification, immune support, and skin brightening applications. Each vial contains lyophilized powder.",1500mg Vial,GT1500,231.00,77.00,100,0.05,Buy Glutathione 1500mg | Research Peptides,"Purchase Glutathione 1500mg for research purposes. High purity, lab-tested. Fast shipping.",glutathione.jpg,Anti-Aging & Longevity,true
Gonadorelin,gonadorelin,Peptide,Peptides,Gonadorelin is a synthetic GnRH analog researched for stimulating luteinizing hormone and follicle-stimulating hormone release. Each vial contains lyophilized powder.,2mg Vial,GND2,84.00,28.00,100,0.05,Buy Gonadorelin 2mg | Research Peptides,"Purchase Gonadorelin 2mg for research purposes. High purity, lab-tested. Fast shipping.",gonadorelin.jpg,Fertility & Hormonal,true
Gonadorelin,gonadorelin,Peptide,Peptides,Gonadorelin is a synthetic GnRH analog researched for stimulating luteinizing hormone and follicle-stimulating hormone release. Each vial contains lyophilized powder.,5mg Vial,GND5,138.00,46.00,100,0.05,Buy Gonadorelin 5mg | Research Peptides,"Purchase Gonadorelin 5mg for research purposes. High purity, lab-tested. Fast shipping.",gonadorelin.jpg,Fertility & Hormonal,true
Melatonin,melatonin,Peptide,Peptides,"Melatonin is a neurohormone researched for circadian rhythm regulation, sleep quality improvement, and antioxidant properties. Each vial contains lyophilized powder.",10mg Vial,MT10M,156.00,52.00,100,0.05,Buy Melatonin 10mg | Research Peptides,"Purchase Melatonin 10mg for research purposes. High purity, lab-tested. Fast shipping.",melatonin.jpg,Sleep & Recovery,true
5-Amino-1MQ,5-amino-1mq,Peptide,Peptides,5-Amino-1MQ is a small molecule NNMT inhibitor researched for its role in cellular energy metabolism and fat cell regulation. Each vial contains lyophilized powder.,5mg Vial,5AM,156.00,52.00,100,0.05,Buy 5-Amino-1MQ 5mg | Research Peptides,"Purchase 5-Amino-1MQ 5mg for research purposes. High purity, lab-tested. Fast shipping.",5-amino-1mq.jpg,Weight Management,true
5-Amino-1MQ,5-amino-1mq,Peptide,Peptides,5-Amino-1MQ is a small molecule NNMT inhibitor researched for its role in cellular energy metabolism and fat cell regulation. Each vial contains lyophilized powder.,10mg Vial,10AM,270.00,90.00,100,0.05,Buy 5-Amino-1MQ 10mg | Research Peptides,"Purchase 5-Amino-1MQ 10mg for research purposes. High purity, lab-tested. Fast shipping.",5-amino-1mq.jpg,Weight Management,true
5-Amino-1MQ,5-amino-1mq,Peptide,Peptides,5-Amino-1MQ is a small molecule NNMT inhibitor researched for its role in cellular energy metabolism and fat cell regulation. Each vial contains lyophilized powder.,50mg Vial,50AM,426.00,142.00,100,0.05,Buy 5-Amino-1MQ 50mg | Research Peptides,"Purchase 5-Amino-1MQ 50mg for research purposes. High purity, lab-tested. Fast shipping.",5-amino-1mq.jpg,Weight Management,true
HMG,hmg,Hormone,Hormones,"HMG (Human Menopausal Gonadotropin) contains FSH and LH, used in research related to fertility and gonadal stimulation. Each vial contains lyophilized powder.",75 IU Vial,G75,177.00,59.00,100,0.05,Buy HMG 75 IU | Research Peptides,"Purchase HMG 75 IU for research purposes. High purity, lab-tested. Fast shipping.",hmg.jpg,Fertility & Hormonal,true
Snap-8,snap-8,Peptide,Peptides,Snap-8 (Acetyl Octapeptide-3) is a peptide researched for reducing the appearance of expression wrinkles by modulating neurotransmitter release. Each vial contains lyophilized powder.,10mg Vial,NP810,138.00,46.00,100,0.05,Buy Snap-8 10mg | Research Peptides,"Purchase Snap-8 10mg for research purposes. High purity, lab-tested. Fast shipping.",snap-8.jpg,Tanning & Skin,true
Ara-290,ara-290,Peptide,Peptides,"Ara-290 (Cibinetide) is a synthetic peptide researched for neuroprotection, tissue repair, and anti-inflammatory applications. Each vial contains lyophilized powder.",10mg Vial,RA10,192.00,64.00,100,0.05,Buy Ara-290 10mg | Research Peptides,"Purchase Ara-290 10mg for research purposes. High purity, lab-tested. Fast shipping.",ara-290.jpg,Immune Support,true
Cagrilintide + Semaglutide Blend,cagrilintide-semaglutide-blend,Peptide Blend,Peptide Blends,A research blend combining Cagrilintide and Semaglutide for dual-mechanism metabolic regulation and appetite control. Each vial contains lyophilized powder.,10mg (Cagri 5mg + Sema 5mg) Vial,CS10,426.00,142.00,100,0.05,Cagrilintide + Semaglutide Blend 10mg (Cagri 5mg + Sema 5mg),"Purchase Cagrilintide + Semaglutide Blend 10mg (Cagri 5mg + Sema 5mg) for research purposes. High purity, lab-tested. Fast shipping.",cagrilintide-semaglutide-blend.jpg,Weight Management,true
Follistatin,follistatin,Peptide,Growth Factors,Follistatin is a glycoprotein researched for its role in inhibiting myostatin and promoting muscle growth. Each vial contains lyophilized powder. Pricing to be confirmed.,1mg Vial,FN1,0.00,0.00,100,0.05,Buy Follistatin 1mg | Research Peptides,"Purchase Follistatin 1mg for research purposes. High purity, lab-tested. Fast shipping.",follistatin.jpg,Growth & Recovery,false
MGF (Mechano Growth Factor),mgf-mechano-growth-factor,Peptide,Growth Factors,MGF (Mechano Growth Factor) is a splice variant of IGF-1 researched for muscle repair and hypertrophy signaling. Each vial contains lyophilized powder.,2mg Vial,FM2,108.00,36.00,100,0.05,Buy MGF (Mechano Growth Factor) 2mg | Research Peptides,"Purchase MGF (Mechano Growth Factor) 2mg for research purposes. High purity, lab-tested. Fast shipping.",mgf-mechano-growth-factor.jpg,Growth & Recovery,true
ACE-031,ace-031,Peptide,Peptides,ACE-031 is a soluble form of activin receptor type IIB researched for increasing muscle mass by blocking myostatin. Each vial contains lyophilized powder.,1mg Vial,AE1,852.00,284.00,100,0.05,Buy ACE-031 1mg | Research Peptides,"Purchase ACE-031 1mg for research purposes. High purity, lab-tested. Fast shipping.",ace-031.jpg,Performance,true
AICAR,aicar,Peptide,Peptides,AICAR (Acadesine) is an AMP-activated protein kinase activator researched for exercise mimetic effects and metabolic regulation. Each vial contains lyophilized powder.,50mg Vial,AR50,186.00,62.00,100,0.05,Buy AICAR 50mg | Research Peptides,"Purchase AICAR 50mg for research purposes. High purity, lab-tested. Fast shipping.",aicar.jpg,Performance,true
Vitamin B12,vitamin-b12,Injectable,Injectables,"Vitamin B12 (Methylcobalamin) injection solution researched for energy metabolism, neurological function, and red blood cell formation. Each vial contains ready-to-use solution.",1mg/ml (10ml),B12,123.00,41.00,100,0.05,Buy Vitamin B12 1mg/ml (10ml) | Research Peptides,"Purchase Vitamin B12 1mg/ml (10ml) for research purposes. High purity, lab-tested. Fast shipping.",vitamin-b12.jpg,Vitamins & Supplements,true
Botulinum Toxin (XT100),botulinum-toxin-xt100,Injectable,Injectables,Botulinum Toxin Type A (XT100) is a neurotoxin protein used in aesthetic and therapeutic research applications. Each vial contains lyophilized powder.,100 IU Vial,XT100,465.00,155.00,100,0.05,Buy Botulinum Toxin (XT100) 100 IU | Research Peptides,"Purchase Botulinum Toxin (XT100) 100 IU for research purposes. High purity, lab-tested. Fast shipping.",botulinum-toxin-xt100.jpg,Aesthetics,true
Lemon Bottle,lemon-bottle,Injectable,Injectables,"Lemon Bottle is a lipolytic solution containing pineapple extract, bromelain, riboflavin, and botanical extracts for fat dissolution research. Each vial contains ready-to-use solution.",103.5mg/10ml,LEMON,138.00,46.00,100,0.05,Buy Lemon Bottle 103.5mg/10ml | Research Peptides,"Purchase Lemon Bottle 103.5mg/10ml for research purposes. High purity, lab-tested. Fast shipping.",lemon-bottle.jpg,Aesthetics,true
Bacteriostatic Water,bacteriostatic-water,Supply,Supplies,Bacteriostatic Water (0.9% benzyl alcohol) is sterile water for injection used for reconstituting lyophilized peptides. Each vial is ready for use.,10ml,BAC10,33.00,11.00,100,0.05,Buy Bacteriostatic Water 10ml | Research Peptides,"Purchase Bacteriostatic Water 10ml for research purposes. High purity, lab-tested. Fast shipping.",bacteriostatic-water.jpg,Accessories,true
Bacteriostatic Water,bacteriostatic-water,Supply,Supplies,Bacteriostatic Water (0.9% benzyl alcohol) is sterile water for injection used for reconstituting lyophilized peptides. Each vial is ready for use.,3ml,BAC3,30.00,10.00,100,0.05,Buy Bacteriostatic Water 3ml | Research Peptides,"Purchase Bacteriostatic Water 3ml for research purposes. High purity, lab-tested. Fast shipping.",bacteriostatic-water.jpg,Accessories,true
Acetic Acid Solution,acetic-acid-solution,Supply,Supplies,Acetic Acid Solution is used for reconstituting specific peptides that require acidic solvents. Each vial is ready for use.,3ml,AA3,30.00,10.00,100,0.05,Buy Acetic Acid Solution 3ml | Research Peptides,"Purchase Acetic Acid Solution 3ml for research purposes. High purity, lab-tested. Fast shipping.",acetic-acid-solution.jpg,Accessories,true
Acetic Acid Solution,acetic-acid-solution,Supply,Supplies,Acetic Acid Solution is used for reconstituting specific peptides that require acidic solvents. Each vial is ready for use.,10ml,AA10,33.00,11.00,100,0.05,Buy Acetic Acid Solution 10ml | Research Peptides,"Purchase Acetic Acid Solution 10ml for research purposes. High purity, lab-tested. Fast shipping.",acetic-acid-solution.jpg,Accessories,true
Pinealon,pinealon,Peptide,Nootropic Peptides,"Pinealon is a tripeptide bioregulator researched for its effects on brain function, sleep regulation, and neuroprotection. Each vial contains lyophilized powder.",10mg Vial,PI10,324.00,108.00,100,0.05,Buy Pinealon 10mg | Research Peptides,"Purchase Pinealon 10mg for research purposes. High purity, lab-tested. Fast shipping.",pinealon.jpg,Cognitive & Mood,true
PNC-27,pnc-27,Peptide,Peptides,PNC-27 is a synthetic anticancer peptide researched for selective membrane lysis of cancer cells via HDM-2 binding. Each vial contains lyophilized powder.,10mg Vial,PNC10,231.00,77.00,100,0.05,Buy PNC-27 10mg | Research Peptides,"Purchase PNC-27 10mg for research purposes. High purity, lab-tested. Fast shipping.",pnc-27.jpg,Immune Support,true
